future_name,month,date,open,high,low,close,change,volume,open_int,open_int_change
Soybeans(CBOT),2021-07-01,2019-07-15,980.0,980.0,980.0,980.0,-9.0,1,45,1
Soybeans(CBOT),2021-07-01,2019-07-16,969.25,969.25,969.0,969.25,-10.75,0,45,0
Soybeans(CBOT),2021-07-01,2019-07-17,963.75,963.75,963.75,963.75,-5.5,0,45,0
Soybeans(CBOT),2021-07-01,2019-07-18,964.0,965.25,964.0,964.0,0.25,0,45,0
Soybeans(CBOT),2021-07-01,2019-07-19,975.25,979.25,975.25,977.5,13.5,0,45,0
Soybeans(CBOT),2021-07-01,2019-07-22,967.75,967.75,967.75,967.75,-9.75,0,45,0
Soybeans(CBOT),2021-07-01,2019-07-23,967.75,968.25,966.0,967.75,0.0,1,45,0
Soybeans(CBOT),2021-07-01,2019-07-24,972.0,972.5,972.0,972.0,4.25,0,45,0
Soybeans(CBOT),2021-07-01,2019-07-25,967.5,973.0,967.5,967.5,-4.5,0,45,0
Soybeans(CBOT),2021-07-01,2019-07-26,970.5,971.0,970.5,970.5,3.0,0,45,0
Soybeans(CBOT),2021-07-01,2019-07-29,975.75,975.75,975.75,975.75,5.25,0,45,0
Soybeans(CBOT),2021-07-01,2019-07-30,973.25,973.25,967.0,973.25,-2.5,0,45,0
Soybeans(CBOT),2021-07-01,2019-07-31,964.25,964.25,964.25,964.25,-9.0,0,45,0
Soybeans(CBOT),2021-07-01,2019-08-01,954.75,954.75,950.75,954.75,-9.5,0,45,0
Soybeans(CBOT),2021-07-01,2019-08-02,955.0,955.0,955.0,955.0,0.25,0,45,45
Soybeans(CBOT),2021-07-01,2019-08-05,955.75,955.75,947.0,955.75,0.75,0,45,0
Soybeans(CBOT),2021-07-01,2019-08-06,952.5,952.5,952.5,952.5,-3.25,0,45,0
Soybeans(CBOT),2021-07-01,2019-08-07,949.25,953.0,949.25,953.0,0.5,0,45,0
Soybeans(CBOT),2021-07-01,2019-08-08,966.5,966.5,966.5,966.5,13.5,0,45,0
Soybeans(CBOT),2021-07-01,2019-08-09,970.0,974.25,967.75,973.75,7.25,2,47,2
Soybeans(CBOT),2021-07-01,2019-08-12,971.25,972.25,969.5,969.5,-4.25,0,47,0
Soybeans(CBOT),2021-07-01,2019-08-13,974.25,981.0,974.25,974.25,4.75,1,48,1
Soybeans(CBOT),2021-07-01,2019-08-14,962.75,962.75,962.75,962.75,-11.5,5,48,0
Soybeans(CBOT),2021-07-01,2019-08-15,956.5,963.25,956.5,956.5,-6.25,0,48,0
Soybeans(CBOT),2021-07-01,2019-08-16,965.75,965.75,965.75,965.75,9.25,0,48,0
Soybeans(CBOT),2021-07-01,2019-08-19,953.5,953.5,953.5,953.5,-12.25,0,48,0
Soybeans(CBOT),2021-07-01,2019-08-20,952.75,956.75,952.75,954.25,0.75,1,49,1
Soybeans(CBOT),2021-07-01,2019-08-21,958.25,959.0,955.25,958.0,3.75,0,49,0
Soybeans(CBOT),2021-07-01,2019-08-22,954.25,962.5,954.25,954.25,-3.75,2,51,2
Soybeans(CBOT),2021-07-01,2019-08-23,951.5,951.5,950.25,951.5,-2.75,20,50,-1
Soybeans(CBOT),2021-07-01,2019-08-26,959.25,959.75,959.25,959.25,7.75,2,50,0
Soybeans(CBOT),2021-07-01,2019-08-27,956.25,956.25,953.5,956.0,-3.25,0,50,0
Soybeans(CBOT),2021-07-01,2019-08-28,951.0,961.5,950.75,961.5,5.5,0,50,0
Soybeans(CBOT),2021-07-01,2019-08-29,965.0,965.0,962.25,962.5,1.0,10,50,0
Soybeans(CBOT),2021-07-01,2019-08-30,965.0,970.0,962.25,962.25,-0.25,2,55,0
Soybeans(CBOT),2021-07-01,2019-09-03,964.25,964.25,958.0,964.25,2.0,6,59,4
Soybeans(CBOT),2021-07-01,2019-09-04,965.0,970.0,961.0,967.25,3.0,0,59,0
Soybeans(CBOT),2021-07-01,2019-09-05,957.25,958.5,954.75,955.75,-11.5,7,63,4
Soybeans(CBOT),2021-07-01,2019-09-06,957.5,957.75,954.5,954.5,-1.25,12,65,2
Soybeans(CBOT),2021-07-01,2019-09-09,959.0,959.0,952.0,958.25,3.75,5,65,0
Soybeans(CBOT),2021-07-01,2019-09-10,965.0,965.0,958.75,958.75,0.5,3,65,0
Soybeans(CBOT),2021-07-01,2019-09-11,957.25,957.25,954.25,957.25,-1.5,9,66,1
Soybeans(CBOT),2021-07-01,2019-09-12,970.0,975.0,970.0,975.0,17.75,2,68,2
Soybeans(CBOT),2021-07-01,2019-09-13,972.0,975.5,972.0,973.75,-1.25,44,85,17
Soybeans(CBOT),2021-07-01,2019-09-16,979.75,980.0,976.0,977.5,3.75,31,108,23
Soybeans(CBOT),2021-07-01,2019-09-17,975.75,977.5,973.25,976.5,-1.0,13,117,9
Soybeans(CBOT),2021-07-01,2019-09-18,973.5,973.5,971.25,972.0,-4.5,15,121,4
Soybeans(CBOT),2021-07-01,2019-09-19,970.75,972.5,965.75,967.25,-4.75,20,129,8
Soybeans(CBOT),2021-07-01,2019-09-20,960.5,960.5,959.5,960.5,-6.75,50,165,36
Soybeans(CBOT),2021-07-01,2019-09-23,967.0,968.75,960.75,961.75,1.25,0,165,0
Soybeans(CBOT),2021-07-01,2019-09-24,962.25,964.0,960.25,960.5,-1.25,22,168,3
Soybeans(CBOT),2021-07-01,2019-09-25,956.5,958.5,955.5,958.5,-2.0,24,178,10
Soybeans(CBOT),2021-07-01,2019-09-26,960.75,962.25,958.25,958.25,-0.25,35,197,19
Soybeans(CBOT),2021-07-01,2019-09-27,955.0,956.75,953.25,954.75,-3.5,22,199,2
Soybeans(CBOT),2021-07-01,2019-09-30,956.25,961.5,954.25,961.25,6.5,52,209,10
Soybeans(CBOT),2021-07-01,2019-10-01,959.0,960.75,956.25,960.0,-1.25,121,268,59
Soybeans(CBOT),2021-07-01,2019-10-02,960.0,964.0,958.5,964.0,4.0,191,331,63
Soybeans(CBOT),2021-07-01,2019-10-03,964.0,967.25,962.75,963.75,-0.25,67,342,11
Soybeans(CBOT),2021-07-01,2019-10-04,965.25,967.75,963.5,963.75,0.0,59,354,12
Soybeans(CBOT),2021-07-01,2019-10-07,966.5,966.75,964.25,964.5,0.75,61,342,-12
Soybeans(CBOT),2021-07-01,2019-10-08,964.5,970.5,963.75,969.75,5.25,52,359,17
Soybeans(CBOT),2021-07-01,2019-10-09,970.75,975.5,968.25,969.75,0.0,142,437,78
Soybeans(CBOT),2021-07-01,2019-10-10,972.0,973.0,963.25,964.75,-5.0,157,497,60
Soybeans(CBOT),2021-07-01,2019-10-11,971.0,971.75,964.0,965.5,0.75,167,587,90
Soybeans(CBOT),2021-07-01,2019-10-14,964.5,966.75,961.5,966.75,1.25,242,711,124
Soybeans(CBOT),2021-07-01,2019-10-15,965.0,968.5,964.25,965.25,-1.5,81,730,19
Soybeans(CBOT),2021-07-01,2019-10-16,965.5,968.5,963.0,963.5,-1.75,51,738,8
Soybeans(CBOT),2021-07-01,2019-10-17,968.0,968.0,960.5,962.0,-1.5,82,730,-8
Soybeans(CBOT),2021-07-01,2019-10-18,967.25,968.0,964.25,965.5,3.5,159,783,53
Soybeans(CBOT),2021-07-01,2019-10-21,968.75,971.0,964.5,968.0,2.5,115,815,32
Soybeans(CBOT),2021-07-01,2019-10-22,972.5,974.0,969.0,970.25,2.25,91,847,32
Soybeans(CBOT),2021-07-01,2019-10-23,970.5,972.5,966.5,969.5,-0.75,93,842,-5
Soybeans(CBOT),2021-07-01,2019-10-24,972.25,978.0,971.25,975.0,5.5,101,859,17
Soybeans(CBOT),2021-07-01,2019-10-25,977.75,978.5,968.75,969.0,-6.0,89,851,-8
Soybeans(CBOT),2021-07-01,2019-10-28,971.5,973.25,970.75,971.75,2.75,48,861,10
Soybeans(CBOT),2021-07-01,2019-10-29,973.0,974.5,970.75,973.5,1.75,36,855,-6
Soybeans(CBOT),2021-07-01,2019-10-30,974.5,975.25,971.0,971.0,-2.5,16,852,-3
Soybeans(CBOT),2021-07-01,2019-10-31,968.25,973.0,967.0,973.0,2.0,32,867,15
Soybeans(CBOT),2021-07-01,2019-11-01,970.25,974.5,969.5,971.75,-1.25,39,869,2
Soybeans(CBOT),2021-07-01,2019-11-04,965.25,973.0,964.75,971.0,-0.75,106,905,36
Soybeans(CBOT),2021-07-01,2019-11-05,970.75,971.25,968.25,969.75,-1.25,45,918,13
Soybeans(CBOT),2021-07-01,2019-11-06,969.5,971.0,965.0,968.25,-1.5,25,926,8
Soybeans(CBOT),2021-07-01,2019-11-07,967.75,972.25,966.5,971.75,3.5,68,925,-1
Soybeans(CBOT),2021-07-01,2019-11-08,968.75,972.0,965.75,967.75,-4.0,56,912,-13
Soybeans(CBOT),2021-07-01,2019-11-11,962.5,962.5,958.0,959.5,-8.25,33,914,2
Soybeans(CBOT),2021-07-01,2019-11-12,960.0,960.75,958.0,958.5,-1.0,98,931,17
Soybeans(CBOT),2021-07-01,2019-11-13,957.25,959.25,954.75,955.75,-2.75,33,935,4
Soybeans(CBOT),2021-07-01,2019-11-14,955.5,956.5,951.75,953.0,-2.75,156,991,56
Soybeans(CBOT),2021-07-01,2019-11-15,957.25,957.5,952.5,954.0,1.0,106,996,5
Soybeans(CBOT),2021-07-01,2019-11-18,953.25,955.0,946.75,948.0,-6.0,18,997,1
Soybeans(CBOT),2021-07-01,2019-11-19,948.75,951.0,948.0,949.25,1.25,85,1013,16
Soybeans(CBOT),2021-07-01,2019-11-20,951.0,952.0,949.0,951.75,2.5,175,1086,73
Soybeans(CBOT),2021-07-01,2019-11-21,952.0,953.75,945.5,948.25,-3.5,109,1074,-12
Soybeans(CBOT),2021-07-01,2019-11-22,945.5,947.75,943.75,946.5,-1.75,87,1101,27
Soybeans(CBOT),2021-07-01,2019-11-25,946.0,949.5,945.0,947.75,1.25,140,1136,35
Soybeans(CBOT),2021-07-01,2019-11-26,945.25,948.0,938.75,939.75,-8.0,84,1174,38
Soybeans(CBOT),2021-07-01,2019-11-27,939.75,941.5,936.5,937.0,-2.75,127,1184,10
Soybeans(CBOT),2021-07-01,2019-11-29,937.25,938.0,935.5,937.0,0.0,51,1197,13
Soybeans(CBOT),2021-07-01,2019-12-02,939.5,940.0,936.0,937.0,0.0,51,1197,13
Soybeans(CBOT),2021-07-01,2019-12-03,939.0,941.5,938.75,938.75,1.75,78,1216,0
Soybeans(CBOT),2021-07-01,2019-12-04,938.0,941.75,933.0,940.0,1.25,105,1231,15
Soybeans(CBOT),2021-07-01,2019-12-05,944.5,944.75,942.25,943.0,3.0,45,1234,3
Soybeans(CBOT),2021-07-01,2019-12-06,945.75,948.0,945.25,945.25,2.25,71,1246,12
Soybeans(CBOT),2021-07-01,2019-12-09,949.0,953.5,949.0,951.25,6.0,173,1311,65
Soybeans(CBOT),2021-07-01,2019-12-10,952.0,953.25,950.5,953.0,1.75,37,1315,4
Soybeans(CBOT),2021-07-01,2019-12-11,949.75,949.75,947.75,949.0,-4.0,69,1352,37
Soybeans(CBOT),2021-07-01,2019-12-12,947.25,952.75,946.5,950.0,1.0,99,1381,29
Soybeans(CBOT),2021-07-01,2019-12-13,953.25,959.75,951.5,955.25,5.25,41,1406,25
Soybeans(CBOT),2021-07-01,2019-12-16,961.5,963.5,956.75,958.75,3.5,219,1488,82
Soybeans(CBOT),2021-07-01,2019-12-17,959.25,961.25,957.0,960.0,1.25,214,1595,107
Soybeans(CBOT),2021-07-01,2019-12-18,959.0,964.0,958.25,964.0,4.0,342,1750,155
Soybeans(CBOT),2021-07-01,2019-12-19,959.75,963.75,958.75,962.25,-1.75,891,2044,294
Soybeans(CBOT),2021-07-01,2019-12-20,963.25,964.0,960.5,961.5,-0.75,71,2063,19
Soybeans(CBOT),2021-07-01,2019-12-23,963.25,966.25,962.25,963.5,2.0,87,2095,32
Soybeans(CBOT),2021-07-01,2019-12-24,965.75,967.75,962.0,966.75,3.25,176,2203,108
Soybeans(CBOT),2021-07-01,2019-12-26,969.5,969.5,967.25,967.75,1.0,237,2310,107
Soybeans(CBOT),2021-07-01,2019-12-27,970.25,970.25,964.75,967.0,-0.75,81,2344,34
Soybeans(CBOT),2021-07-01,2019-12-30,966.75,973.5,964.5,972.25,5.25,36,2360,16
Soybeans(CBOT),2021-07-01,2019-12-31,969.25,973.25,969.25,973.25,1.0,37,2364,4
Soybeans(CBOT),2021-07-01,2020-01-02,975.75,977.5,974.5,976.25,3.0,155,2412,48
Soybeans(CBOT),2021-07-01,2020-01-03,973.0,973.5,967.5,971.25,-5.0,78,2440,28
Soybeans(CBOT),2021-07-01,2020-01-06,971.0,975.0,971.0,974.75,3.5,210,2545,26
Soybeans(CBOT),2021-07-01,2020-01-07,974.5,976.25,970.5,975.5,0.75,344,2677,132
Soybeans(CBOT),2021-07-01,2020-01-08,971.5,977.5,971.0,975.75,0.25,365,2831,154
Soybeans(CBOT),2021-07-01,2020-01-09,976.5,979.25,968.0,971.25,-4.5,203,2917,86
Soybeans(CBOT),2021-07-01,2020-01-10,970.5,972.5,966.5,972.25,1.0,585,3247,330
Soybeans(CBOT),2021-07-01,2020-01-13,967.0,968.75,964.75,965.5,-6.75,338,3456,209
Soybeans(CBOT),2021-07-01,2020-01-14,964.5,967.75,960.5,964.5,-1.0,239,3609,153
Soybeans(CBOT),2021-07-01,2020-01-15,963.75,964.25,953.5,954.25,-10.25,546,3906,297
Soybeans(CBOT),2021-07-01,2020-01-16,954.0,955.25,951.0,953.0,-1.25,733,4190,284
Soybeans(CBOT),2021-07-01,2020-01-17,953.25,958.25,950.5,956.25,3.25,554,4376,186
Soybeans(CBOT),2021-07-01,2020-01-21,951.75,957.5,947.5,949.75,-6.5,575,4503,127
Soybeans(CBOT),2021-07-01,2020-01-22,952.25,954.0,948.25,948.75,-1.0,259,4562,59
Soybeans(CBOT),2021-07-01,2020-01-23,948.25,949.0,944.0,949.0,0.25,215,4632,70
Soybeans(CBOT),2021-07-01,2020-01-24,943.75,945.0,942.75,943.25,-5.75,186,4685,53
Soybeans(CBOT),2021-07-01,2020-01-27,939.0,944.0,934.25,943.25,0.0,326,4636,-49
Soybeans(CBOT),2021-07-01,2020-01-28,936.25,942.5,936.0,940.5,-2.75,1014,4650,14
Soybeans(CBOT),2021-07-01,2020-01-29,944.75,946.5,937.0,939.0,-1.5,1014,4650,14
Soybeans(CBOT),2021-07-01,2020-01-30,934.75,935.0,928.75,930.0,-9.0,541,4686,36
Soybeans(CBOT),2021-07-01,2020-01-31,928.0,931.0,926.5,926.5,-3.5,364,4819,133
Soybeans(CBOT),2021-07-01,2020-02-03,925.5,931.0,924.75,928.5,2.0,1264,5370,551
Soybeans(CBOT),2021-07-01,2020-02-04,933.0,934.5,930.0,930.75,2.25,529,5457,87
Soybeans(CBOT),2021-07-01,2020-02-05,936.75,938.5,929.75,931.0,0.25,312,5483,26
Soybeans(CBOT),2021-07-01,2020-02-06,936.25,936.25,928.25,929.0,-2.0,322,5486,3
Soybeans(CBOT),2021-07-01,2020-02-07,932.0,932.0,923.25,924.75,-4.25,646,5670,184
Soybeans(CBOT),2021-07-01,2020-02-10,924.0,929.0,922.25,924.75,0.0,314,5704,34
Soybeans(CBOT),2021-07-01,2020-02-11,924.5,928.0,921.5,925.0,0.25,1030,5995,291
Soybeans(CBOT),2021-07-01,2020-02-12,923.0,925.75,921.0,923.25,-1.75,832,6375,380
Soybeans(CBOT),2021-07-01,2020-02-13,922.0,927.75,920.5,926.0,2.75,696,6479,104
Soybeans(CBOT),2021-07-01,2020-02-14,924.75,928.0,923.5,926.0,0.0,1001,6921,442
Soybeans(CBOT),2021-07-01,2020-02-18,924.75,929.25,922.5,923.75,-2.25,797,7162,241
Soybeans(CBOT),2021-07-01,2020-02-19,925.0,926.0,920.25,925.75,2.0,288,7176,14
Soybeans(CBOT),2021-07-01,2020-02-20,923.75,925.0,916.5,918.75,-7.0,466,7327,151
Soybeans(CBOT),2021-07-01,2020-02-21,918.5,922.25,915.25,916.25,-2.5,1457,7130,-197
Soybeans(CBOT),2021-07-01,2020-02-24,913.5,914.5,905.5,909.0,-7.25,1275,7786,656
Soybeans(CBOT),2021-07-01,2020-02-25,913.0,914.25,910.0,914.0,5.0,1170,7880,94
Soybeans(CBOT),2021-07-01,2020-02-26,915.75,921.5,913.0,914.75,0.75,1276,8353,473
Soybeans(CBOT),2021-07-01,2020-02-27,914.0,914.75,905.0,913.25,-1.5,927,8823,470
Soybeans(CBOT),2021-07-01,2020-02-28,913.0,913.25,904.25,909.25,-4.0,960,8782,-41
Soybeans(CBOT),2021-07-01,2020-03-02,911.5,919.5,908.5,919.0,9.75,1614,9120,338
Soybeans(CBOT),2021-07-01,2020-03-03,921.25,924.75,915.5,918.5,-0.5,1126,9342,222
Soybeans(CBOT),2021-07-01,2020-03-04,919.75,921.75,910.25,912.5,-6.0,1981,10270,928
Soybeans(CBOT),2021-07-01,2020-03-05,912.5,915.0,900.5,902.75,-9.75,1636,10582,312
Soybeans(CBOT),2021-07-01,2020-03-06,906.0,908.25,901.0,904.5,1.75,1601,10925,343
Soybeans(CBOT),2021-07-01,2020-03-09,900.0,900.0,885.25,887.0,-17.5,2022,10514,-411
Soybeans(CBOT),2021-07-01,2020-03-10,891.5,900.25,891.5,894.0,7.0,1782,10644,130
Soybeans(CBOT),2021-07-01,2020-03-11,888.25,898.75,886.5,888.25,-5.75,3113,11098,454
Soybeans(CBOT),2021-07-01,2020-03-12,889.0,889.0,866.25,874.75,-13.5,2019,11523,425
Soybeans(CBOT),2021-07-01,2020-03-13,870.5,885.5,866.25,871.5,-3.25,1217,11842,319
Soybeans(CBOT),2021-07-01,2020-03-16,867.75,874.5,853.0,853.25,-18.25,3796,13151,1309
Soybeans(CBOT),2021-07-01,2020-03-17,854.5,861.0,847.25,847.5,-5.75,2397,13574,423
Soybeans(CBOT),2021-07-01,2020-03-18,849.5,858.0,839.25,844.25,-3.25,3194,13480,-94
Soybeans(CBOT),2021-07-01,2020-03-19,849.0,854.25,841.75,842.75,-1.5,2683,13722,242
Soybeans(CBOT),2021-07-01,2020-03-20,843.25,860.75,843.25,854.25,11.5,2463,14376,654
Soybeans(CBOT),2021-07-01,2020-03-23,854.0,863.75,850.5,856.0,1.75,6527,16123,1747
Soybeans(CBOT),2021-07-01,2020-03-24,861.5,865.5,855.25,859.75,3.75,2607,15998,-125
Soybeans(CBOT),2021-07-01,2020-03-25,861.25,873.0,860.0,868.0,8.25,4906,16092,94
Soybeans(CBOT),2021-07-01,2020-03-26,870.25,873.5,864.25,873.25,5.25,3734,15861,-231
Soybeans(CBOT),2021-07-01,2020-03-27,874.0,878.0,861.25,864.75,-8.5,3003,15908,47
Soybeans(CBOT),2021-07-01,2020-03-30,869.0,874.25,856.75,858.25,-6.5,1320,16219,311
Soybeans(CBOT),2021-07-01,2020-03-31,857.0,864.25,854.0,859.5,1.25,2451,15826,-393
Soybeans(CBOT),2021-07-01,2020-04-01,856.5,859.75,850.0,851.75,-7.75,1199,15720,-106
Soybeans(CBOT),2021-07-01,2020-04-02,852.5,862.25,849.5,854.5,2.75,1598,15763,43
Soybeans(CBOT),2021-07-01,2020-04-03,854.75,860.5,850.0,852.25,-2.25,1528,16056,293
Soybeans(CBOT),2021-07-01,2020-04-06,850.25,859.25,849.0,856.75,4.5,2814,15983,-73
Soybeans(CBOT),2021-07-01,2020-04-07,861.75,866.0,858.5,861.0,4.25,1690,16533,550
Soybeans(CBOT),2021-07-01,2020-04-08,861.5,868.75,860.0,867.25,6.25,1070,16397,-136
Soybeans(CBOT),2021-07-01,2020-04-09,869.0,875.5,866.25,875.25,8.0,1569,17021,624
Soybeans(CBOT),2021-07-01,2020-04-13,869.25,880.25,867.75,871.5,-3.75,2465,17685,664
Soybeans(CBOT),2021-07-01,2020-04-14,871.0,872.0,864.0,866.75,-4.75,726,17708,23
Soybeans(CBOT),2021-07-01,2020-04-15,868.5,870.0,857.5,859.75,-7.0,3669,17543,-165
Soybeans(CBOT),2021-07-01,2020-04-16,858.5,862.25,854.0,855.25,-4.5,958,17669,126
Soybeans(CBOT),2021-07-01,2020-04-17,857.0,859.0,851.75,853.0,-2.25,2890,18034,365
Soybeans(CBOT),2021-07-01,2020-04-20,852.75,856.0,848.5,849.75,-3.25,555,18196,162
Soybeans(CBOT),2021-07-01,2020-04-21,848.25,858.0,842.5,857.0,7.25,1478,18163,-33
Soybeans(CBOT),2021-07-01,2020-04-22,857.25,861.0,847.0,849.0,-8.0,1103,18300,137
Soybeans(CBOT),2021-07-01,2020-04-23,848.75,856.75,843.25,844.75,-4.25,2714,19036,736
Soybeans(CBOT),2021-07-01,2020-04-24,846.25,847.5,832.0,835.5,-9.25,3136,19521,485
Soybeans(CBOT),2021-07-01,2020-04-27,834.75,842.5,831.25,833.0,-2.5,3949,20963,1442
Soybeans(CBOT),2021-07-01,2020-04-28,833.25,842.5,831.25,838.75,5.75,5176,21935,972
Soybeans(CBOT),2021-07-01,2020-04-29,838.75,848.5,838.5,846.75,8.0,1681,22281,346
Soybeans(CBOT),2021-07-01,2020-04-30,848.0,859.5,847.0,855.25,8.5,2531,22424,143
Soybeans(CBOT),2021-07-01,2020-05-01,855.0,857.25,849.75,855.75,0.5,2543,22974,550
Soybeans(CBOT),2021-07-01,2020-05-04,851.0,852.0,843.0,848.5,-7.25,2054,23370,396
Soybeans(CBOT),2021-07-01,2020-05-05,848.5,850.0,842.25,844.25,-4.25,1019,23477,107
Soybeans(CBOT),2021-07-01,2020-05-06,843.5,846.25,833.5,835.5,-8.75,2488,24373,896
Soybeans(CBOT),2021-07-01,2020-05-07,836.25,844.25,834.5,837.0,1.5,2008,25042,669
Soybeans(CBOT),2021-07-01,2020-05-08,835.5,848.5,835.25,844.75,7.75,4340,25892,850
Soybeans(CBOT),2021-07-01,2020-05-11,849.5,854.75,846.25,848.25,3.5,8384,28375,2483
Soybeans(CBOT),2021-07-01,2020-05-12,847.25,852.0,844.5,847.0,-1.25,2964,29114,739
Soybeans(CBOT),2021-07-01,2020-05-13,845.25,849.25,837.5,840.0,-7.0,2071,29081,-33
Soybeans(CBOT),2021-07-01,2020-05-14,841.0,845.0,838.5,839.0,-1.0,2145,29320,239
Soybeans(CBOT),2021-07-01,2020-05-15,841.0,846.0,840.5,844.0,5.0,4077,29733,413
Soybeans(CBOT),2021-07-01,2020-05-18,844.5,853.0,844.5,852.25,8.25,2986,30348,615
Soybeans(CBOT),2021-07-01,2020-05-19,852.0,856.25,850.25,852.5,0.25,2128,30613,265
Soybeans(CBOT),2021-07-01,2020-05-20,853.0,860.25,852.5,855.75,3.25,3010,30790,177
Soybeans(CBOT),2021-07-01,2020-05-21,855.5,858.25,850.25,852.0,-3.75,3225,31011,221
Soybeans(CBOT),2021-07-01,2020-05-22,850.75,855.25,848.25,852.75,0.75,1427,31283,272
Soybeans(CBOT),2021-07-01,2020-05-26,850.0,863.0,849.75,861.25,8.5,1953,30926,-357
Soybeans(CBOT),2021-07-01,2020-05-27,860.75,866.25,859.0,863.25,2.0,2828,31361,435
Soybeans(CBOT),2021-07-01,2020-05-28,862.25,867.0,855.5,863.0,-0.25,1631,31628,267
Soybeans(CBOT),2021-07-01,2020-05-29,861.5,864.25,858.75,862.75,-0.25,1089,31580,-48
Soybeans(CBOT),2021-07-01,2020-06-01,865.0,870.25,858.25,864.25,1.5,2020,32112,532
Soybeans(CBOT),2021-07-01,2020-06-02,866.5,873.75,862.25,871.25,7.0,2196,32801,689
Soybeans(CBOT),2021-07-01,2020-06-03,872.25,876.25,872.25,876.0,4.75,1720,32890,89
Soybeans(CBOT),2021-07-01,2020-06-04,873.75,892.25,873.75,891.0,15.0,1478,32919,29
Soybeans(CBOT),2021-07-01,2020-06-05,890.0,897.0,889.0,894.25,3.25,1152,33113,194
Soybeans(CBOT),2021-07-01,2020-06-08,894.0,896.5,889.0,892.5,-1.75,5752,35133,2020
Soybeans(CBOT),2021-07-01,2020-06-09,893.5,894.25,884.5,887.75,-4.75,3038,35148,15
Soybeans(CBOT),2021-07-01,2020-06-10,887.0,890.25,883.5,885.5,-2.25,707,35081,-67
Soybeans(CBOT),2021-07-01,2020-06-11,885.25,886.75,881.0,883.5,-2.0,2466,34561,-520
Soybeans(CBOT),2021-07-01,2020-06-12,884.5,890.5,881.25,884.0,0.5,1834,34587,26
Soybeans(CBOT),2021-07-01,2020-06-15,882.5,883.0,875.25,882.5,-1.5,2292,35400,813
Soybeans(CBOT),2021-07-01,2020-06-16,885.5,886.0,879.0,880.0,-2.5,2018,35817,417
Soybeans(CBOT),2021-07-01,2020-06-17,878.0,886.5,874.5,883.75,3.75,1712,36223,406
Soybeans(CBOT),2021-07-01,2020-06-18,883.0,886.5,878.75,882.25,-1.5,1001,36287,64
Soybeans(CBOT),2021-07-01,2020-06-19,881.5,888.25,880.75,885.25,3.0,2309,36688,401
Soybeans(CBOT),2021-07-01,2020-06-22,883.5,886.25,882.5,884.75,-0.5,3329,36954,266
Soybeans(CBOT),2021-07-01,2020-06-23,884.5,887.0,873.75,883.5,-1.25,2451,37550,596
Soybeans(CBOT),2021-07-01,2020-06-24,883.0,886.0,876.75,879.0,-4.5,1280,37819,269
Soybeans(CBOT),2021-07-01,2020-06-25,879.0,879.25,869.25,876.25,-2.75,2846,38265,446
Soybeans(CBOT),2021-07-01,2020-06-26,875.75,877.5,866.0,868.25,-8.0,3283,38269,4
Soybeans(CBOT),2021-07-01,2020-06-29,870.25,876.0,866.0,873.25,5.0,2344,38473,204
Soybeans(CBOT),2021-07-01,2020-06-30,872.5,890.0,871.5,883.5,10.25,3493,38951,478
Soybeans(CBOT),2021-07-01,2020-07-01,883.75,901.75,883.5,900.25,16.75,5648,40993,2042
Soybeans(CBOT),2021-07-01,2020-07-02,899.5,903.5,895.0,897.75,-2.5,5607,40232,-761
Soybeans(CBOT),2021-07-01,2020-07-06,902.75,912.0,902.75,906.0,8.25,4797,40921,689
Soybeans(CBOT),2021-07-01,2020-07-07,906.0,910.0,902.25,904.5,-1.5,2951,40927,6
Soybeans(CBOT),2021-07-01,2020-07-08,904.5,907.5,899.5,904.0,-0.5,4485,41684,757
Soybeans(CBOT),2021-07-01,2020-07-09,904.25,913.25,903.0,906.25,2.25,3531,42024,340
Soybeans(CBOT),2021-07-01,2020-07-10,904.75,908.25,893.5,897.0,-9.25,4438,41655,-369
Soybeans(CBOT),2021-07-01,2020-07-13,892.0,894.0,882.5,886.25,-10.75,5762,42054,399
Soybeans(CBOT),2021-07-01,2020-07-14,887.75,892.75,885.0,888.75,2.5,3118,41633,-421
Soybeans(CBOT),2021-07-01,2020-07-15,890.5,893.5,887.75,891.75,3.0,4062,41540,-93
Soybeans(CBOT),2021-07-01,2020-07-16,892.25,898.75,891.0,896.0,4.25,2866,42155,615
Soybeans(CBOT),2021-07-01,2020-07-17,896.25,902.25,896.25,900.0,4.0,2763,42660,505
Soybeans(CBOT),2021-07-01,2020-07-20,899.25,905.5,899.25,904.25,4.25,5535,43335,675
Soybeans(CBOT),2021-07-01,2020-07-21,904.0,904.0,898.0,901.75,-2.5,2711,43931,596
Soybeans(CBOT),2021-07-01,2020-07-22,901.5,904.5,895.25,903.25,1.5,2645,44854,923
Soybeans(CBOT),2021-07-01,2020-07-23,903.0,907.25,901.0,906.25,3.0,2609,45060,206
Soybeans(CBOT),2021-07-01,2020-07-24,906.25,909.75,902.75,907.0,0.75,3659,45400,340
Soybeans(CBOT),2021-07-01,2020-07-27,904.5,910.75,903.75,909.75,2.75,3535,46202,802
Soybeans(CBOT),2021-07-01,2020-07-28,904.75,905.25,895.0,899.0,-10.75,5377,47565,1363
Soybeans(CBOT),2021-07-01,2020-07-29,898.0,901.0,896.5,899.25,0.25,4417,49005,1440
Soybeans(CBOT),2021-07-01,2020-07-30,899.25,903.0,895.5,901.25,2.0,4383,49866,861
Soybeans(CBOT),2021-07-01,2020-07-31,901.5,907.25,901.5,905.0,3.75,2698,49653,-213
Soybeans(CBOT),2021-07-01,2020-08-03,904.5,912.25,904.0,907.5,2.5,2114,49498,-155
Soybeans(CBOT),2021-07-01,2020-08-04,905.0,910.5,896.5,899.25,-8.25,3790,49562,64
Soybeans(CBOT),2021-07-01,2020-08-05,900.0,904.5,897.5,899.25,0.0,6645,50332,770
Soybeans(CBOT),2021-07-01,2020-08-06,898.0,905.25,897.75,898.5,-0.75,7709,50492,160
Soybeans(CBOT),2021-07-01,2020-08-07,898.0,899.25,887.75,888.25,-10.25,8298,49793,-699
Soybeans(CBOT),2021-07-01,2020-08-10,886.75,895.25,886.0,893.0,4.75,9617,49447,-346
Soybeans(CBOT),2021-07-01,2020-08-11,891.75,895.75,890.0,892.25,-0.75,5139,49518,71
Soybeans(CBOT),2021-07-01,2020-08-12,892.25,899.75,887.0,899.25,7.0,2965,49766,248
Soybeans(CBOT),2021-07-01,2020-08-13,899.0,919.5,899.0,916.5,17.25,4092,49796,30
Soybeans(CBOT),2021-07-01,2020-08-14,915.5,917.0,911.25,914.25,-2.25,6737,49820,24
Soybeans(CBOT),2021-07-01,2020-08-17,917.0,930.5,917.0,929.0,14.75,19790,51673,1853
Soybeans(CBOT),2021-07-01,2020-08-18,927.5,931.75,925.5,929.25,0.25,4985,51691,18
Soybeans(CBOT),2021-07-01,2020-08-19,927.0,934.75,926.25,929.75,0.5,8475,52692,1001
Soybeans(CBOT),2021-07-01,2020-08-20,928.5,931.0,921.25,923.0,-6.75,6569,53631,939
Soybeans(CBOT),2021-07-01,2020-08-21,924.0,927.5,921.25,923.0,0.0,8392,54617,986
Soybeans(CBOT),2021-07-01,2020-08-24,922.0,929.5,918.75,925.5,2.5,6039,54280,-337
Soybeans(CBOT),2021-07-01,2020-08-25,930.0,937.5,929.75,937.25,11.75,4981,54496,216
Soybeans(CBOT),2021-07-01,2020-08-26,936.25,941.0,936.25,939.0,1.75,5311,54643,147
Soybeans(CBOT),2021-07-01,2020-08-27,938.5,956.0,937.75,951.0,12.0,8577,54843,200
Soybeans(CBOT),2021-07-01,2020-08-28,949.75,960.0,948.5,959.75,8.75,9055,55560,717
Soybeans(CBOT),2021-07-01,2020-08-31,962.75,973.75,962.0,962.75,3.0,20833,57542,1982
Soybeans(CBOT),2021-07-01,2020-09-01,962.5,969.0,955.25,965.75,3.0,10829,58098,556
Soybeans(CBOT),2021-07-01,2020-09-02,964.75,974.25,958.75,974.0,8.25,10324,60293,2195
Soybeans(CBOT),2021-07-01,2020-09-03,973.75,978.25,970.25,976.75,2.75,9696,60352,59
Soybeans(CBOT),2021-07-01,2020-09-04,974.75,978.75,971.5,978.0,1.25,9578,59573,-779
Soybeans(CBOT),2021-07-01,2020-09-08,979.25,987.5,973.5,980.75,2.75,8735,59829,256
Soybeans(CBOT),2021-07-01,2020-09-09,979.5,986.5,976.25,984.25,3.5,7747,59896,67
Soybeans(CBOT),2021-07-01,2020-09-10,983.75,986.0,979.75,982.5,-1.75,10196,59959,63
Soybeans(CBOT),2021-07-01,2020-09-11,981.75,996.25,980.25,994.75,12.25,9354,60211,252
Soybeans(CBOT),2021-07-01,2020-09-14,994.75,1005.25,993.5,1002.75,8.0,7110,60793,582
Soybeans(CBOT),2021-07-01,2020-09-15,1003.5,1010.5,998.25,1000.0,-2.75,18896,60597,-196
Soybeans(CBOT),2021-07-01,2020-09-16,993.5,1017.5,993.25,1015.5,15.5,13423,61480,883
Soybeans(CBOT),2021-07-01,2020-09-17,1015.0,1027.5,1008.0,1019.75,4.25,9783,61350,-130
Soybeans(CBOT),2021-07-01,2020-09-18,1019.75,1037.5,1019.25,1030.25,10.5,14018,61594,244
Soybeans(CBOT),2021-07-01,2020-09-21,1029.75,1037.0,1016.5,1018.75,-11.5,26028,62238,644
Soybeans(CBOT),2021-07-01,2020-09-22,1017.5,1031.5,1011.25,1017.0,-1.75,17631,64111,1873
Soybeans(CBOT),2021-07-01,2020-09-23,1017.75,1020.5,1008.75,1012.5,-4.5,14683,64625,514
Soybeans(CBOT),2021-07-01,2020-09-24,1011.0,1012.75,996.0,997.0,-15.5,12412,65010,385
Soybeans(CBOT),2021-07-01,2020-09-25,994.75,1005.5,994.75,1002.0,5.0,8448,64978,-32
Soybeans(CBOT),2021-07-01,2020-09-28,1000.75,1007.0,993.5,999.75,-2.25,14260,63822,-1156
Soybeans(CBOT),2021-07-01,2020-09-29,998.5,1001.5,991.25,998.5,-1.25,8468,65151,1329
Soybeans(CBOT),2021-07-01,2020-09-30,997.25,1030.5,992.5,1022.75,24.25,8494,65457,306
Soybeans(CBOT),2021-07-01,2020-10-01,1022.0,1030.75,1020.25,1022.25,-0.5,9922,66198,741
Soybeans(CBOT),2021-07-01,2020-10-02,1023.0,1024.0,1013.5,1020.75,-1.5,24761,69865,3667
Soybeans(CBOT),2021-07-01,2020-10-05,1019.5,1025.0,1017.5,1021.75,1.0,11584,68700,-1165
Soybeans(CBOT),2021-07-01,2020-10-06,1022.25,1039.25,1021.5,1030.75,9.0,11633,69280,580
Soybeans(CBOT),2021-07-01,2020-10-07,1028.75,1038.75,1023.5,1025.25,-5.5,8018,69972,692
Soybeans(CBOT),2021-07-01,2020-10-08,1025.5,1032.25,1016.75,1018.5,-6.75,18257,67996,-1976
Soybeans(CBOT),2021-07-01,2020-10-09,1020.75,1048.25,1018.5,1045.25,26.75,24060,67752,-244
Soybeans(CBOT),2021-07-01,2020-10-12,1043.25,1055.0,1026.25,1028.25,-17.0,24369,69141,1389
Soybeans(CBOT),2021-07-01,2020-10-13,1027.75,1039.75,1026.75,1038.5,10.25,24745,71313,2172
Soybeans(CBOT),2021-07-01,2020-10-14,1038.0,1044.5,1034.25,1042.0,3.5,22060,73848,2535
Soybeans(CBOT),2021-07-01,2020-10-15,1043.0,1046.0,1026.75,1041.0,-1.0,11295,75438,1590
Soybeans(CBOT),2021-07-01,2020-10-16,1041.5,1049.75,1034.5,1035.25,-5.75,13120,75737,299
Soybeans(CBOT),2021-07-01,2020-10-19,1035.75,1043.5,1034.75,1039.5,4.25,17718,77257,1520
Soybeans(CBOT),2021-07-01,2020-10-20,1040.75,1051.5,1037.0,1049.75,10.25,9880,78908,1651
Soybeans(CBOT),2021-07-01,2020-10-21,1050.5,1059.75,1050.0,1055.75,6.0,8181,78727,-181
Soybeans(CBOT),2021-07-01,2020-10-22,1054.75,1064.75,1047.0,1055.75,0.0,9916,78254,-473
Soybeans(CBOT),2021-07-01,2020-10-23,1054.25,1063.75,1048.75,1059.75,4.0,9841,77766,-488
Soybeans(CBOT),2021-07-01,2020-10-26,1061.75,1064.0,1054.0,1058.5,-1.25,12302,77463,-303
Soybeans(CBOT),2021-07-01,2020-10-27,1058.25,1061.25,1050.5,1051.75,-6.75,20772,75861,-1602
Soybeans(CBOT),2021-07-01,2020-10-28,1050.5,1053.5,1034.5,1035.25,-16.5,11319,77525,1664
Soybeans(CBOT),2021-07-01,2020-10-29,1035.75,1039.75,1030.5,1034.75,-0.5,11919,78678,1153
Soybeans(CBOT),2021-07-01,2020-10-30,1034.75,1048.0,1033.75,1043.25,8.5,22877,77544,-1134
Soybeans(CBOT),2021-07-01,2020-11-02,1040.5,1045.75,1035.25,1042.0,-1.25,14503,78120,576
Soybeans(CBOT),2021-07-01,2020-11-03,1043.25,1057.25,1041.5,1053.75,11.75,14208,80677,2557
Soybeans(CBOT),2021-07-01,2020-11-04,1053.75,1073.75,1047.0,1073.0,19.25,9387,81526,849
Soybeans(CBOT),2021-07-01,2020-11-05,1071.75,1099.25,1070.0,1091.0,18.0,18083,83630,2104
Soybeans(CBOT),2021-07-01,2020-11-06,1089.0,1098.25,1089.0,1094.75,3.75,19107,83191,-439
Soybeans(CBOT),2021-07-01,2020-11-09,1090.0,1110.25,1090.0,1102.75,8.0,20048,83768,577
Soybeans(CBOT),2021-07-01,2020-11-10,1102.75,1143.75,1099.75,1136.25,33.5,19457,86884,3116
Soybeans(CBOT),2021-07-01,2020-11-11,1135.75,1149.75,1135.5,1144.25,8.0,20183,87260,376
Soybeans(CBOT),2021-07-01,2020-11-12,1144.5,1146.5,1131.5,1136.0,-8.25,34713,91571,4311
Soybeans(CBOT),2021-07-01,2020-11-13,1135.75,1147.75,1128.5,1142.0,6.0,26302,91084,-487
Soybeans(CBOT),2021-07-01,2020-11-16,1144.0,1149.5,1140.0,1148.5,6.5,18601,90576,-508
Soybeans(CBOT),2021-07-01,2020-11-17,1154.0,1165.5,1150.75,1159.5,11.0,21605,95105,4529
Soybeans(CBOT),2021-07-01,2020-11-18,1158.5,1176.5,1155.5,1167.25,7.75,13860,96535,1430
Soybeans(CBOT),2021-07-01,2020-11-19,1165.0,1170.25,1153.75,1167.75,0.5,25774,98168,1633
Soybeans(CBOT),2021-07-01,2020-11-20,1169.25,1185.5,1169.25,1173.75,6.0,20824,100781,2613
Soybeans(CBOT),2021-07-01,2020-11-23,1187.0,1190.5,1179.5,1186.25,12.5,15232,101870,1089
Soybeans(CBOT),2021-07-01,2020-11-24,1185.25,1190.25,1169.0,1187.75,1.5,22817,103873,2003
Soybeans(CBOT),2021-07-01,2020-11-25,1194.25,1194.5,1179.0,1179.75,-8.0,18565,103772,-101
Soybeans(CBOT),2021-07-01,2020-11-27,1180.5,1189.0,1175.5,1186.75,7.0,18982,105776,2004
Soybeans(CBOT),2021-07-01,2020-11-30,1192.5,1193.5,1164.25,1164.75,-22.0,15744,106356,580
Soybeans(CBOT),2021-07-01,2020-12-01,1165.25,1171.75,1156.75,1158.5,-6.25,6561,107293,937
Soybeans(CBOT),2021-07-01,2020-12-02,1159.5,1160.25,1138.5,1149.0,-9.5,21532,109545,2252
Soybeans(CBOT),2021-07-01,2020-12-03,1150.0,1166.5,1148.0,1165.0,16.0,21013,111461,1916
Soybeans(CBOT),2021-07-01,2020-12-04,1164.0,1169.25,1155.5,1160.75,-4.25,27784,112822,1361
Soybeans(CBOT),2021-07-01,2020-12-07,1158.0,1168.75,1148.0,1161.5,0.75,18565,113783,961
Soybeans(CBOT),2021-07-01,2020-12-08,1161.0,1163.75,1149.5,1152.0,-9.5,12991,115220,1437
Soybeans(CBOT),2021-07-01,2020-12-09,1150.5,1164.5,1150.25,1163.0,11.0,27576,119709,4489
Soybeans(CBOT),2021-07-01,2020-12-10,1163.5,1180.0,1154.25,1158.5,-4.5,30550,121990,2281
Soybeans(CBOT),2021-07-01,2020-12-11,1160.5,1167.5,1156.0,1166.0,7.5,21672,122231,241
Soybeans(CBOT),2021-07-01,2020-12-14,1170.0,1178.0,1167.5,1175.25,9.25,33809,126151,3920
Soybeans(CBOT),2021-07-01,2020-12-15,1176.75,1189.5,1167.75,1188.0,12.75,18879,128050,1899
Soybeans(CBOT),2021-07-01,2020-12-16,1190.0,1197.5,1185.25,1187.5,-0.5,13900,129012,962
Soybeans(CBOT),2021-07-01,2020-12-17,1186.25,1206.0,1183.5,1203.5,16.0,16486,129278,266
Soybeans(CBOT),2021-07-01,2020-12-18,1204.25,1223.25,1203.5,1219.25,15.75,19340,129772,494
Soybeans(CBOT),2021-07-01,2020-12-21,1223.0,1241.25,1211.75,1240.25,21.0,17829,130428,656
Soybeans(CBOT),2021-07-01,2020-12-22,1241.25,1247.5,1233.5,1244.25,4.0,27897,130965,537
Soybeans(CBOT),2021-07-01,2020-12-23,1244.75,1258.25,1236.0,1252.75,8.5,31789,131931,966
Soybeans(CBOT),2021-07-01,2020-12-24,1252.75,1265.25,1252.5,1257.25,4.5,22800,134499,2568
Soybeans(CBOT),2021-07-01,2020-12-28,1267.0,1272.5,1240.25,1249.25,-8.0,25073,134067,-432
Soybeans(CBOT),2021-07-01,2020-12-29,1244.75,1291.0,1237.75,1288.0,38.75,17744,136816,2749
Soybeans(CBOT),2021-07-01,2020-12-30,1286.25,1294.5,1272.0,1290.5,2.5,26646,136632,-184
Soybeans(CBOT),2021-07-01,2020-12-31,1288.25,1308.0,1285.0,1297.5,7.0,32018,138464,1832
Soybeans(CBOT),2021-07-01,2021-01-04,1304.5,1336.5,1291.0,1303.75,6.25,29439,138518,54
Soybeans(CBOT),2021-07-01,2021-01-05,1302.75,1358.75,1302.75,1335.5,31.75,21088,137392,-1126
Soybeans(CBOT),2021-07-01,2021-01-06,1344.75,1363.75,1341.25,1347.0,11.5,50085,140010,2618
Soybeans(CBOT),2021-07-01,2021-01-07,1348.0,1354.25,1329.0,1341.75,-5.25,50566,139508,-502
Soybeans(CBOT),2021-07-01,2021-01-08,1345.75,1368.25,1335.25,1358.0,16.25,29266,138674,-834
Soybeans(CBOT),2021-07-01,2021-01-11,1361.75,1371.25,1341.5,1358.25,0.25,28161,138030,-644
Soybeans(CBOT),2021-07-01,2021-01-12,1356.25,1407.5,1343.25,1399.5,41.25,29282,139315,1285
Soybeans(CBOT),2021-07-01,2021-01-13,1405.25,1415.0,1385.0,1388.5,-11.0,28818,142271,2956
Soybeans(CBOT),2021-07-01,2021-01-14,1389.0,1417.5,1385.75,1413.25,24.75,43083,144275,2004
Soybeans(CBOT),2021-07-01,2021-01-15,1415.0,1416.5,1396.0,1401.0,-12.25,31139,144027,-248
Soybeans(CBOT),2021-07-01,2021-01-19,1402.75,1405.25,1367.5,1369.25,-31.75,32191,142436,-1591
Soybeans(CBOT),2021-07-01,2021-01-20,1368.75,1368.75,1335.0,1351.75,-17.5,29251,143105,669
Soybeans(CBOT),2021-07-01,2021-01-21,1350.0,1367.25,1347.75,1354.5,2.75,31820,144561,1456
Soybeans(CBOT),2021-07-01,2021-01-22,1351.5,1351.5,1291.25,1298.5,-56.0,38783,144871,310
Soybeans(CBOT),2021-07-01,2021-01-25,1293.0,1336.25,1282.25,1328.5,30.0,25918,146075,1204
Soybeans(CBOT),2021-07-01,2021-01-26,1329.0,1358.75,1315.5,1352.5,24.0,46356,146206,131
Soybeans(CBOT),2021-07-01,2021-01-27,1357.0,1372.75,1345.25,1354.5,2.0,33238,145641,-565
Soybeans(CBOT),2021-07-01,2021-01-28,1351.0,1367.5,1324.75,1333.0,-21.5,27901,146598,957
Soybeans(CBOT),2021-07-01,2021-01-29,1333.0,1355.5,1317.75,1348.75,15.75,36893,148669,2071
Soybeans(CBOT),2021-07-01,2021-02-01,1353.0,1360.0,1330.0,1345.0,-3.75,45223,148723,54
Soybeans(CBOT),2021-07-01,2021-02-02,1345.25,1351.75,1322.0,1333.75,-11.25,35280,148608,-115
Soybeans(CBOT),2021-07-01,2021-02-03,1333.75,1349.75,1319.75,1348.5,14.75,26640,149781,1173
Soybeans(CBOT),2021-07-01,2021-02-04,1350.5,1357.75,1342.5,1349.5,1.0,26445,149709,-72
Soybeans(CBOT),2021-07-01,2021-02-05,1347.75,1362.0,1343.75,1347.75,-1.75,23786,149951,242
Soybeans(CBOT),2021-07-01,2021-02-08,1349.5,1371.25,1345.75,1368.0,20.25,26139,152119,2168
Soybeans(CBOT),2021-07-01,2021-02-09,1369.5,1386.75,1357.75,1379.25,11.25,22222,151189,-930
Soybeans(CBOT),2021-07-01,2021-02-10,1379.75,1381.0,1333.75,1335.75,-43.5,28400,152931,1742
Soybeans(CBOT),2021-07-01,2021-02-11,1336.0,1362.5,1321.25,1351.25,15.5,41384,154214,1283
Soybeans(CBOT),2021-07-01,2021-02-12,1352.0,1361.0,1346.25,1356.75,5.5,39567,155531,1317
Soybeans(CBOT),2021-07-01,2021-02-16,1370.0,1377.75,1361.25,1372.5,15.75,29732,156940,1409
Soybeans(CBOT),2021-07-01,2021-02-17,1373.0,1378.5,1365.75,1373.25,0.75,21875,158680,1740
Soybeans(CBOT),2021-07-01,2021-02-18,1373.75,1379.5,1360.0,1364.75,-8.5,20237,159830,1150
Soybeans(CBOT),2021-07-01,2021-02-19,1364.25,1378.5,1356.5,1367.75,3.0,23027,163160,3330
Soybeans(CBOT),2021-07-01,2021-02-22,1375.0,1379.0,1364.0,1377.0,9.25,26333,162906,-254
Soybeans(CBOT),2021-07-01,2021-02-23,1377.0,1414.0,1373.25,1394.5,17.5,27911,164272,1366
Soybeans(CBOT),2021-07-01,2021-02-24,1394.75,1413.5,1394.75,1412.0,17.5,35468,165877,1605
Soybeans(CBOT),2021-07-01,2021-02-25,1411.25,1433.75,1383.25,1397.25,-14.75,50355,165611,-266
Soybeans(CBOT),2021-07-01,2021-02-26,1394.25,1395.5,1367.75,1391.5,-5.75,40366,165398,-213
Soybeans(CBOT),2021-07-01,2021-03-01,1402.25,1408.75,1379.5,1381.0,-10.5,62956,167598,2200
Soybeans(CBOT),2021-07-01,2021-03-02,1383.0,1402.25,1367.0,1398.75,17.75,39113,167292,-306
Soybeans(CBOT),2021-07-01,2021-03-03,1400.5,1401.75,1380.25,1391.5,-7.25,44466,169554,2262
Soybeans(CBOT),2021-07-01,2021-03-04,1392.0,1418.75,1388.5,1395.0,3.5,44033,168534,-1020
Soybeans(CBOT),2021-07-01,2021-03-05,1394.5,1416.75,1386.25,1413.75,18.75,41311,169349,815
Soybeans(CBOT),2021-07-01,2021-03-08,1424.5,1444.25,1416.0,1418.25,4.5,60333,171149,1800
Soybeans(CBOT),2021-07-01,2021-03-09,1419.5,1427.5,1410.5,1426.0,7.75,45863,169089,-2060
Soybeans(CBOT),2021-07-01,2021-03-10,1428.0,1431.0,1394.25,1396.0,-30.0,42226,169233,144
Soybeans(CBOT),2021-07-01,2021-03-11,1396.5,1408.0,1386.75,1401.5,5.5,52420,171399,2166
Soybeans(CBOT),2021-07-01,2021-03-12,1401.75,1406.25,1381.5,1402.5,1.0,60031,169412,-1987
Soybeans(CBOT),2021-07-01,2021-03-15,1398.0,1413.75,1392.0,1410.25,7.75,51878,171609,2197
Soybeans(CBOT),2021-07-01,2021-03-16,1410.75,1415.0,1403.0,1413.75,3.5,45595,175353,3744
Soybeans(CBOT),2021-07-01,2021-03-17,1414.25,1415.75,1398.25,1406.0,-7.75,39929,180822,5469
Soybeans(CBOT),2021-07-01,2021-03-18,1405.75,1407.0,1378.25,1380.5,-25.5,37661,185881,5059
Soybeans(CBOT),2021-07-01,2021-03-19,1378.0,1404.75,1377.5,1403.0,22.5,41004,187967,2086
Soybeans(CBOT),2021-07-01,2021-03-22,1405.5,1409.5,1392.75,1404.0,1.0,44260,188804,837
Soybeans(CBOT),2021-07-01,2021-03-23,1404.75,1422.75,1401.75,1411.25,7.25,36302,189840,1036
Soybeans(CBOT),2021-07-01,2021-03-24,1409.5,1422.25,1406.5,1421.0,9.75,30152,190122,282
Soybeans(CBOT),2021-07-01,2021-03-25,1419.25,1420.0,1400.25,1404.5,-16.5,60235,189836,-286
Soybeans(CBOT),2021-07-01,2021-03-26,1404.0,1408.25,1390.0,1391.25,-13.25,49085,189194,-642
Soybeans(CBOT),2021-07-01,2021-03-29,1391.5,1394.25,1375.25,1385.25,-6.0,56548,189525,331
Soybeans(CBOT),2021-07-01,2021-03-30,1384.75,1387.25,1356.0,1357.75,-27.5,61670,193487,3962
Soybeans(CBOT),2021-07-01,2021-03-31,1359.0,1427.75,1355.0,1427.75,70.0,47810,195315,1828
Soybeans(CBOT),2021-07-01,2021-04-01,1436.0,1448.25,1393.75,1396.75,-31.0,44744,197178,1863
Soybeans(CBOT),2021-07-01,2021-04-05,1404.0,1415.5,1400.5,1405.5,8.75,101574,205455,8277
Soybeans(CBOT),2021-07-01,2021-04-06,1405.5,1423.25,1405.25,1411.25,5.75,0,206977,1522
Soybeans(CBOT),2021-07-01,2021-04-07,1411.25,1420.0,1398.5,1403.0,-8.25,39408,205605,-1372
Soybeans(CBOT),2021-07-01,2021-04-08,1403.0,1415.75,1398.5,1409.75,6.75,47331,203207,-2398
Soybeans(CBOT),2021-07-01,2021-04-09,1410.25,1413.5,1395.5,1398.25,-11.5,57559,208462,5255
Soybeans(CBOT),2021-07-01,2021-04-12,1398.0,1401.75,1374.75,1379.0,-19.25,77897,224341,15879
Soybeans(CBOT),2021-07-01,2021-04-13,1381.5,1394.25,1374.75,1384.75,5.75,92190,242798,18457
Soybeans(CBOT),2021-07-01,2021-04-14,1386.5,1408.75,1382.75,1402.25,17.5,102693,266527,23729
Soybeans(CBOT),2021-07-01,2021-04-15,1401.75,1414.25,1400.0,1411.0,8.75,96049,285142,18615
Soybeans(CBOT),2021-07-01,2021-04-16,1410.5,1430.0,1410.5,1422.5,11.5,93320,298628,13486
Soybeans(CBOT),2021-07-01,2021-04-19,1430.0,1441.75,1423.5,1436.5,14.0,76933,305807,7179
Soybeans(CBOT),2021-07-01,2021-04-20,1435.75,1471.5,1435.75,1457.75,21.25,97086,316745,10938
Soybeans(CBOT),2021-07-01,2021-04-21,1460.0,1481.75,1453.0,1479.5,21.75,91840,327161,10416
Soybeans(CBOT),2021-07-01,2021-04-22,1480.5,1524.0,1480.0,1514.25,34.75,122053,334682,7521
Soybeans(CBOT),2021-07-01,2021-04-23,1514.25,1525.5,1498.75,1516.0,1.75,126879,347938,13256
Soybeans(CBOT),2021-07-01,2021-04-26,1524.0,1544.75,1515.0,1539.25,23.25,158657,357638,9700
Soybeans(CBOT),2021-07-01,2021-04-27,1541.5,1574.75,1518.0,1519.5,-19.75,139849,362769,5131
Soybeans(CBOT),2021-07-01,2021-04-28,1515.5,1544.5,1490.5,1513.75,-5.75,160823,364721,1952
Soybeans(CBOT),2021-07-01,2021-04-29,1508.0,1526.25,1500.0,1502.25,-11.5,195808,368565,3844
Soybeans(CBOT),2021-07-01,2021-04-30,1501.25,1537.0,1491.25,1534.25,32.0,188637,370885,2320
Soybeans(CBOT),2021-07-01,2021-05-03,1549.25,1563.5,1515.75,1524.0,-10.25,122271,371672,787
Soybeans(CBOT),2021-07-01,2021-05-04,1524.0,1553.0,1519.0,1538.25,14.25,108723,373710,2038
Soybeans(CBOT),2021-07-01,2021-05-05,1540.0,1554.0,1532.25,1542.25,4.0,107742,370249,-3461
Soybeans(CBOT),2021-07-01,2021-05-06,1547.0,1571.0,1543.0,1569.5,27.25,93057,365278,-4971
Soybeans(CBOT),2021-07-01,2021-05-07,1566.25,1599.5,1562.25,1589.75,20.25,87263,359479,-5799
Soybeans(CBOT),2021-07-01,2021-05-10,1576.5,1593.75,1575.25,1587.5,-2.25,112467,358033,-1446
